gen_info,env_info,food_info,study_info,office_info,facil_info,mhct_info,help_info,etc_info
"Angers는 파리에서부터 TGV로 약 2시간 거리에 위치한 북서부의 도시로 크지는 않지만 살기 좋은 도시입니다. 사람들도 여유 있고 비교적 친절합니다. 1월부터 5월까지밖에 살지 않아 여름과 가을 날씨는 잘 모르지만, 대체로 너무 덥지도 춥지도 않은 날씨가 계속되었습니다. 다만 겨울에는 우리나라보다 기온은 높지만 습해서 더 춥게 느껴졌던 것 같습니다.시내에 관광학부, 법대, 경영대 등이 소속된 St.Serge라는 캠퍼스가 있고, 시내에서 30분 정도 떨어진 곳에 인문대, 자연과학대, 공대 등이 소속된 Belle Beille캠퍼스가 있는데 둘 모두 크지 않고, 제가 있던 벨베이 캠퍼스는 단과대 하나에 건물 하나를 사용했습니다.","큰 도시는 아니지만 상업시설과 문화시설이 잘 갖춰져 있습니다. 치안도 좋은 편인데 이건 상대적인 부분이라 만일의 경우를 대비해서 소매치기는 조심하셔야 합니다. 제가 있는 벨베이 캠퍼스의 경우 번화가에서 좀 떨어져 있어 외식을 하려면 버스를 타고 30분을 나가야 하는 불편함이 있기는 했습니다. 벨베이 캠퍼스 정문 건너편에 보이는 Centre commercial에는 약국과 슈퍼마켓인 U express, Subway, 식당 한두 개가 위치해 있습니다. 그러나 U express는 값이 비싼 편이라 급하게 필요한 것이 있거나 무거운 걸 사시는 게 아니라면, 식료품 살 때는 정문에서 20분쯤 걸어가면 있는 Lidl이라는 슈퍼마켓을 이용하시기를 권합니다. 1번 버스를 타면 거의 유일한 랜드마크인 앙제성과 그 앞을 흐르는 Maine 강을 방문할 수 있고, 반대쪽으로 타면 호수공원인 lac de maine이 있습니다. 학교 바로 옆에는 Etang de Saint-Jacques라는 큰 호수가 있는데 여기서 프랑스 학생들은 조깅을 많이 합니다.","ISEP 학생들은 정문 앞의 Belle Beille 기숙사에서 생활하게 되는데 1인실이고 방 안에는 침대와 책상, 찬장, 미니 냉장고, 작은 욕실 등이 구비되어 있습니다. 에어컨은 따로 없고 라디에이터가 있는데 작동을 잘 하지 않을 수도 있고 작동되어도 밤에는 추우니 전기장판을 챙겨가시길 권합니다. 식사는 학생식당 2층에서 3.25유로에 앙트레-메인-디저트를 먹을 수도 있고, 학생식당 1층에서 간단한 주전부리를 사 먹을 수도 있는데 이 식당이 점심에만 열어서 저는 주로 기숙사 층마다 있는 공용 부엌에서 해먹었습니다. ISEP 학생들은 프랑스 현지 계좌를 개설한 뒤 식비 1500유로를 두 번에 나눠서 지원받게 됩니다.","교환학생들은 보통 Celfe라는 학교 부설 어학원에서 프랑스어 수업을 듣습니다. 우리학교의 프1, 프2, 프3처럼 말하기, 듣기, 읽기, 쓰기를 모두 배우는 Cours de langue francaise가 있고 회화수업인 Atelier de conversation이 있습니다. 더 높은 수준의 학술 프랑스어 관련 수업도 있었던 것 같은데 이건 제가 듣지 않아 자세히는 모르겠습니다. 이 Celfe는 필수가 아니라 셋 중 듣고 싶은 수업이 있으면 듣는 선택과목이며, 온라인으로 레벨 테스트를 봅니다.대부분의 정규 수업이 교환학생에게 열려 있는데 학교 홈페이지에서 시간표를 확인해서 일단 수업을 들어간 뒤 국제교육부에서 나눠준 양식에 교수님께 서명을 받는 방식으로 수강신청이 이루어집니다. 보통 확정 전 약 한 달의 유예 기간이 주어집니다.저는 프랑스 수업이라고 해서 토론이 활발하게 이루어지는 수업일 거라고 생각했는데, 문과대라 그런지 대부분의 수업은 그냥 교수님이 설명하시고 시험을 보는 방식이었습니다.","학교에 도착하면 국제처를 먼저 찾아가게 되는데 La Passerelle이라는 밝은 옥색 건물에 위치해 있습니다. (지나가는 학생들에게 물어보면 알려줍니다) 국제처에는 네 분 정도의 직원이 근무하시고, 그 외에 교환학생 담당 교수인 M.Dubois가 계시는데 모두 매우 친절하고 영어도 잘하십니다. 처음에 도착하면 Ofii 체류증 신청이나 은행 계좌 개설에 대해서도 설명해 주시고, 학교생활 전반에 대한 질문도 드릴 수 있습니다.다만 제 개인적인 의견으로는, 교환학생들이 행정적인 업무를 처리하는 데는 굉장히 도움을 주시지만 앙제대학교 벨베이 캠퍼스는 교환학생들과 재학생을 연결하는 데는 별로 신경을 쓰지 않는다는 인상을 받았습니다. 시내의 생세르쥬 캠퍼스에는 교환학생을 맞이하는 일종의 동아리가 운영된다고 알고 있고, 앙제카톨릭대학에서는 재학생과의 일대일 매칭이 이루어지는 반면 벨베이 캠퍼스는 교환학생 환영 행사도 교환학생끼리만 이루어지고, 극소수의 운동 동아리 같은 것이 아니면 프랑스인 친구를 만나기가 조금 힘들었던 것 같습니다.","기숙사 건물 옆에 체육관이 있고, 동아리도 운동이나 어학 등 몇 개가 있으나 우리나라 대학교들처럼 활성화되어 있지는 않은 것 같습니다.","Tolerance의 나라인 만큼 뭐든지 기다리는 데 익숙해지셔야 할 것 같습니다. 또 대부분의 행정 업무는 편지(정말 우체국에서 보내는 그 편지)로 이루어집니다. 저는 은행 계좌를 연다는 약속을 잡은 날부터 체크카드를 우편으로 받기까지 한 달이 걸렸고, 입국 후 세 달 안에 받아야 하는 체류증은 관련 서류를 받았다는 편지가 오지 않아 일주일 늦게 받았습니다(별로 상관은 없더군요) 하다못해 식당에서 주문할 때도 웨이터를 부르지 않고 눈이 마주칠 때까지 기다립니다.흡연자 비율이 높아 남녀노소 할 것 없이 길에서 담배를 피우는데, 심지어 유모차를 앞에 두고 부모가 맞담배를 태우기도 합니다. 저는 교환 전에는 담배 냄새를 싫어했지만 한 학기 살다 온 지금은 바로 앞에서 누가 담배를 피워도 아무렇지 않게 되었습니다.파리 같은 대도시들보다야 덜하지만 인종차별적 언행도 종종 겪고, 가끔 성희롱도 당합니다. 개인적으로는 그냥 무시하는 게 정답인 것 같습니다.좋은 인상을 받았던 문화적 요소도 있는데, 제일 기억에 남는 것은 버스를 탈 때나 슈퍼마켓에서 계산할 때 무조건 상대방과 Bonjour 또는 Bonsoir로 인사하는 것이었습니다.","교내에서는 국제처나 같은 수업을 듣는 친구들에게서 도움을 받을 수 있겠고, 우리학교 학생들은 앙제대학교로 거의 가지 않지만 앙제대학교 어학원과 충남대학교가 자매결연을 맺고 있어 한국인이 두세 명 정도는 매 학기 오는 걸로 알고 있습니다. 그 외의 문제에서는 프잘사 카페를 주로 이용했고, 특히 뵌 적은 없지만 프잘사 스탭 중 한 분이 앙제에 거주하고 계십니다. 저는 한인교회를 다녀서 그곳 교인 분들에게도 도움을 받았습니다.",****95@naver.com으로 연락 주시면 가능한 범위 내에서 성실히 대답해 드리겠습니다.
"앙제는 북서부 Pays-de-la-loire 주의 도시로, 파리에서 TGV로 두 시간 정도 떨어져 있습니다. 저는 1월부터 5월까지만 지내서 여름과 가을 기후는 잘 모르겠지만, 대체로 너무 춥지도 덥지도 않은 적당한 날씨가 지속되었습니다. 다만 겨울에는 기온이 우리나라보다는 높음에도 불구하고 습도가 높아 더 춥게 느껴졋던 것 같습니다. 비가 자주 오긴 하지만 우리나라같은 장대비가 쏟아지는 일은 거의 없고, 보통 맞을 만한 비가 잠깐씩 내립니다. 주요 캠퍼스는 두 개인데 시내에 있는 St.Serge 캠퍼스에는 앙제대학교의 간판학과격인 관광학과가 있고 그 밖에 경영대, 법대 등이 위치합니다. 제가 있던 Belle Beille 캠퍼스에는 인문학부와 사회과학부, 자연과학대와 공대 등이 있습니다. 연대 캠퍼스보다는 두 캠퍼스 모두 작고, 대체로 한 단과대별로 딱 하나의 건물만 있습니다.","앙제는 프랑스에서 살기 좋은 도시 1위로 선정된 적이 있을 정도로 크지는 않지만 편의시설과 문화시설이 잘 갖춰진 지역입니다. 학생 비율이 높아 치안도 비교적 안전하고, 파리에 비해서는 사람들도 친절합니다. (다만 그 살기 좋은 도시에서 휴대폰을 소매치기 당한 저 같은 사람도 있으니 너무 마음을 놓지는 않으시기를 바랍니다. 앙제에서는 아주 드문 일이라고 들었습니다)생 세르쥬 캠퍼스는 시내에 위치하는데 제가 잘 알지 못하니 벨베이 캠퍼스 중심으로 작성하겠습니다. 벨베이 캠퍼스는 시내에서 버스를 타고 약 2~30분 정도 떨어진 곳에 있습니다. 아주 조용한 지역인데 바로 옆에 Etang de Saint-Jacque라는 호수가 있어 주변을 산책하곤 했습니다. 프랑스에서는 우체국 갈 일이 많은데 걸어서 15분 정도 거리에 우체국이 있고 직원들도 친절합니다. 정문 건너편에는 Centre commercial이 있어서 급하게 필요한 식료품을 U express에서 사기도 하고 Subway와 약국, 식당도 이용할 수 있습니다. 다만 U express는 대체로 가격이 비싸서 저는 보통 걸어서 20분 정도 거리에 있는 Lidl로 갔습니다.","Belle Beille 캠퍼스 안에는 Belle Beille, Lakanal, Volta 등 여러 기숙사 동이 있는데 ISEP 학생들은 Belle Beille 기숙사를 배정받게 됩니다. 벨베이 기숙사는 모두 1인실이고 방 안에 침대와 책상, 작은 냉장고, 수납장, 욕실 겸 화장실이 있습니다. 화장실이 매우 작긴 하지만 저는 불편한 점 없이 사용했습니다. 입사할 때 270유로 보증금을 내고, 퇴사시 Etat des lieux(방 검사)를 통과하면 돌려받는 방식입니다.식사는 학생식당 2층에서 3,25유로를 내면 앙트레-메인요리-디저트까지 먹을 수 있고, 1층의 간이식당에서는 햄버거와 피자, 감자튀김 등을 판매합니다. 하지만 학생식당은 점심에만 열기 때문에 저는 보통 층마다 있는 공용 부엌에서 해먹었습니다. 프랑스는 인건비가 높아 외식비는 비싼 대신 식료품은 저렴합니다. ISEP 학생들은 현지 계좌를 연 후 1500유로를 두 번에 나눠 식비로 지원받게 됩니다.","교환학생들은 홈페이지에 나와 있는 수업 리스트를 보고 자신이 정한 수업을 들으러 가서 양식에 교수님 서명을 받는 방식으로 수강신청을 합니다. 최종적으로 양식을 제출하기 전 한 달 정도의 유예 기간을 주는데 다양하게 들어보고 결정하라는 배려인 것 같습니다. 저는 프랑스 수업이라서 토론이 많이 이루어지는 수업들일 거라고 예상했는데 문대 수업이라 그런지 우리나라와 비슷한 강의식 수업이 많았습니다.교환학생들은 Celfe라는, 학교 내 어학원에서 진행되는 불어 어학 수업을 들을 수 있는데 Cours de langue francaise(말하기 듣기 읽기 쓰기 전반)와 Atelier de conversation(회화)이 주 3시간씩 진행됩니다. 다만 어학수업 역시 선택이고, 희망자는 레벨 테스트를 온라인으로 봅니다.","도착하면 제일 먼저 가셔야 할 곳이 국제교육부인데요, Passerelle이라는 옥색? 건물 1층입니다. 지나가는 학생들에게 물어보면 알려줍니다. 네 분 정도가 근무하시고 그 밖에 교환학생 담당 지도교수 M.Dubois가 계시는데 모두 친절하고 영어도 잘하십니다. 그중 Celine David 선생님과는 출국 전부터 연락을 주고받게 되는데, 모르는 게 있을 때 연락하면 항상 빠르게 답장을 주셨습니다.다만 벨베이 캠퍼스는 교환학생들이 수업을 잘 듣게 도와줄 뿐, 교환학생들과 재학생의 관계형성에는 별로 주의를 기울이지 않는다는 인상을 받았습니다. 시내의 St.Serge 캠퍼스는 교환학생을 맞이하는 동아리가 따로 있고 앙제카톨릭대학교에는 교환학생과 재학생을 연결해 주는 프로그램이 있다고 들었는데, 대체로 그런 시스템이 미비하여 프랑스인의 커뮤니티에 들어가거나, 프랑스인 친구를 사귀기에는 어려움이 있었습니다.","기숙사 건물 옆에 체육관이 있고, 동아리도 운동이나 어학, 연극 관련 동아리 등이 있는 걸로 알고는 있지만 그렇게 많은 학생들이 참여하는 것 같지는 않았습니다.","Tolerance의 나라여서 그런지는 몰라도, 어떤 행정 처리를 하더라도 오래 걸릴 수 있기 때문에 미리미리 하셔야 합니다. 계좌 여는 데 한 달은 기본이고, 입국 후 3개월 이내 Ofii 체류증을 받아야 하는데 저는 담당 기관으로 방문하라는 편지가 한참 동안 안 오는 바람에 1주일을 넘겼습니다.(별로 상관은 없더군요)인종차별적 언행이나 성희롱도 종종 당합니다. 대도시에 비해서는 덜한 편인데도 그렇습니다. 개인적으로는 그냥 무시하는 게 상책인 것 같습니다.그만큼 좋아 보이는 점도 있었는데 마켓 계산대에서 자기 차례가 되었을 때, 그리고 버스를 탈 때 카드를 찍으면서 무조건 Bonjour Bonsoir로 인사를 하고 볼일을 보는 게 인상 깊었습니다.그 밖에는 정말 추운데 패딩을 입고 다니는 게 한국인뿐이라는 거, 그리고 비가 오는데 우산 쓰는 것도 다 유학생이라는 거?",교내에서 도움을 청할 때는 앙제대학교 국제처에 방문하거나 이메일을 드리면 바로 피드백을 받을 수 있고 ISEP 학생 중에서는 한국인이 거의 없지만(같이 간 친구가 있다면 그게 전부라고 생각하시면 되고 없다면 혼자이신 겁니다) 충남대와 앙제대학교 어학당이 자매결연 관계라서 충남대생이 몇 명 있을 수 있습니다. 그 외 생활이나 행정 관련 부분은 프잘사 카페를 이용했습니다. 특히 뵌 적은 없지만 프잘사 스탭 중 한 분이 앙제 거주중이신 걸로 알고 있습니다. 저는 한인교회에서도 도움을 많이 받았습니다. 프잘사 카페에 치면 교회 정보글이 있습니다.,"한인 마켓은 따로 없고 아시안 마켓이 두 곳 있는데 같은 대로변에 위치합니다. Comptoir d'Asie, Nouvelle Asie를 구글에 치면 나옵니다.앙제 대중교통은 Carte a tout라는 카드를 발급받으면 월정액 무제한으로 사용 가능합니다. 시내에 Irigo라는 기관에 증명사진과 여권(정확히는 기억 안 나지만 거주증명서도 필요했던 것 같기도 하군요)을 가져가면 만들 수 있는 것으로 기억합니다.*******@naver.com으로 연락주시면 성의껏 대답해 드리겠습니다"
"앙제대학교는 세 개의 캠퍼스로 되어있는데 우리 학교에 비해 규모가 작은 편이라 아마 세 개를 다 합쳐도 우리 캠퍼스의 3분의 1정도 될 것 같습니다. 앙제라는 지역은 Pays de la Loire 지방에 위치해있는데 Loire 강이 흐르고 고성이 많아 옛 유적이 잘 보존된 느낌을 줍니다. 수도인 파리와도 TGV를 타면 1시간 50분쯤 걸려 파리 다녀오기도 수월하고 근처에는 Nantes, Tours 등 문화적으로 유서 깊은 지역이 있습니다. 제가 앙제에 가기 전에는 날씨가 안 좋다는 말을 들었는데 생각보다 맑은 날도 많고 푸른 하늘도 자주 보았던 것 같습니다. 저는 여름에 도착해서 겨울까지 있었는데, 여름에는 덥지만 건조해서 그늘은 시원해 에어컨 없어도 견딜만했고, 겨울은 우리 나라보다 덜 추워서 훨씬 살기 좋았던 것 같습니다.","제가 있던 인문캠퍼스 주위에는 아파트와 기숙사 등 거주지가 대부분 많았습니다. 특히 앙제에 대학교가 네 곳이나 있어 학생들이 많이 살아 치안이 비교적 안전한 편이었고, 시내로 나가면 웬만한 건 다 있었던 것 같습니다. 학교 앞에는 커다란 슈퍼마켓이 있어 주로 거기서 장을 보았고, 버스를 타고 조금만 나가면 영화관, 카페, 식당, 패스트푸드점, 시장 등 여러 곳에 갈 수 있었습니다.","대부분의 학생은 1인실의 기숙사에서 살았습니다. 방 안에는 침대와 책상, 미니냉장고, 그리고 화장실이 있는데 화장실은 한 명만 들어가서 씻을 수 있을 정도로 굉장히 좁고 작습니다. 부엌은 공동으로 사용해 각 층에 하나밖에 없었고, 모든 기숙사 건물이 지하 1층부터 5층까지 있었지만 엘리베이터가 없어서 캐리어를 직접 끌고 계단을 올라가야 했습니다. ISEP의 경우, 식비로 낸 돈을 장학금의 형태로 돌려받게 되는데요, 제 기억에는 750유로씩 두 번에 나눠서 받았던 것 같습니다. 그렇게 받는 식비로 직접 요리해서 먹어도 되고 학생식당에 가도 됩니다. 학생식당에서는 3. 25유로를 내면 앙트레부터 메인디쉬, 그리고 디저트를 골라서 먹을 수 있었고, 어떤 거를 고르냐에 따라서 추가 요금을 내기도 했습니다. 저도 처음에는 학생식당에서 먹었는데 나중에는 질려서 제가 직접 요리를 해서 먹었습니다.","저는 영어로 들을 수 있는 수업이 많을 줄 알았는데 생각보다 없어서 프랑스어로 수업을 많이 들었습니다. 교환학생들을 위한 프랑스어 수업을 3시간씩 두 강의를 들었고, 나머지는 번역 위주로 강의를 골라 들었습니다. 처음에는 약간 버거웠지만 한 달이 지나자 귀가 트여 대부분 알아들을 수 있었던 것 같습니다. 그리고 도서관에는 빌려서 볼 수 있는 DVD와 공부할 수 있는 곳, 그리고 여러 책이 있었는데 대부분 프랑스어로 되어 있어서 많이 읽지는 않았습니다.","ISEP 학생들은 국제교육부에서 연락을 자주 받게 되는데 여기서 일하시는 분들은 다 영어도 잘 하시고 정말 친절하십니다. 특히 Celine David라는 분과 ISEP 담당 교수님인 Dominique Dubois 분은 저희에게 어떤 어려움은 없는지 정기적으로 물어보셨고, 어떤 수업을 들어야 할지 알려주셔서 전반적으로 생활하는 데 큰 도움이 되었습니다. 그래서 어떤 일이 생기든 이 분들께 알리는 게 가장 빠르게 문제를 해결할 수 있을 것입니다.","저는 한 학기만 있어서 딱히 동아리는 하지 않았지만, 스포츠 과목이 굉장히 다양하게 열려 학생들이 주로 운동을 같이 하며 친목을 다지는 것 같았습니다. 우리 학교보다 훨씬 여러 종류의 종목이 열리기에 한번쯤 해 보는 것도 좋을 것 같습니다.","프랑스는 남녀 상관없이 담배를 많이 피우기도 하고, 패션에 있어서 정말 자유로운 나라임을 느꼈습니다. 그리고 수업을 들어보니 교수님의 의견에 자유롭게 반박하고 토론하는 분위기도 꽤 문화충격이었던 것 같습니다.","우선 ISEP 담당자 두 분께 도움을 최대한 받고, 그 외에 생활이나 여행에서 생기는 궁금점은 네이버 카페 '프잘사'를 자주 이용하시면 좋을 것 같습니다.",blueoran****@naver.com으로 연락주시면 상세하게 알려드리겠습니다.
"1) 앙제 (Angers) 
 앙제는 프랑스 중서부 Pay de la loire의 한 도시로, 중세고성지대 (Tours, Blois, Saumur, Angers, Nantes)의 한 줄기에 위치해있습니다. TGV로는 파리와 1시간 반이 소요되는 거리입니다. 근처 대도시(기차로 1시간 내외)로는 투르(Tours), 낭트(Nantes), 렌느(Rennes), 르망(Le mans)등이 있습니다. 르와르 강 일대지만, 앙제는 르와르 강의 한 지류인 멘(Maine)강이 흐릅니다. 도시 분위기가 쾌적하고 아담해서 공부하기에 일품이라 할 수 있습니다. 게다가 중세의 풍부한 문화 유산과 가장 정확한 불어를 사용한다는 투렌느 지방이라는 강점과 함께 이민자의 비율이 적은 편이며 지역 주민들도 살가운 편입니다. 
 프랑스의 겨울은 한국의 겨울에 비해 춥다고 보기 어렵습니다. 제가 갔던 2012년 유독 춥다며 뉴스에서 난리통을 피워댔을때가 -5도 일 정도니까요. 앙제의 기후는 파리보다는 좀 더 온화하다고 할 수 있습니다. 2012년에는 이상기온으로 비가 자주 내렸지만 보통 4월이 가장 날씨가 좋은 것으로 현지인들은 말합니다. 

2) 앙제대학교
 앙제에는 카톨릭대학교(Cato), 앙제대학교, ESSCA 등 여러 대학이 위치해 있습니다. 앙제대학교는 일반적으로 생 세르주(St.Serge)캠퍼스와 벨베이(Belle-beille) 캠퍼스로 나뉘는데요.
관광, 법학은 시내 중심에 위치한 St.Serge 캠퍼스에 위치해있고, 인문-과학학과는 Belle-beille 캠퍼스로 분산되어있습니다. 
제가 있었던 인문대 대학 규모 자체는 중소규모라고 할 수있을 것 같아요. 대략 규모면에서 신촌캠퍼스의 1/3정도의 느낌이라 추측해봅니다.

 ISEP 학교 고를 때, 망설이는 분들이 있다면 위의 지역 학교들(렌느, 앙제, 낭트)은 모두 추천해드리고 싶은데요. 위치적으로도 파리와 멀지 않기 때문에 크게 나쁘지 않고, 도시들도 모두 유서 깊은 곳이며 파리나 니스처럼 규모가 거대하지 않아 아늑함과 쾌적함을 느낄 수 있고, 지역적 특색도 굉장히 매력적인 곳들입니다.",생 세르주 캠퍼스는 시내 중심가에 위치해 접근성이 좋고 멘강이 바로 옆에 위치해 근사한 풍경을 자아냅니다. 벨베이 캠퍼스는 버스로 20분 정도 소요되는 다소 외곽지역이지만 학생 거주촌이 크게 형성되어있고 호수로 둘러싸인 아름다운 동네입니다. 호수를 따라 여러 개의 크고 작은 공원들이 연결되며 산책하기에 참 좋은 환경입니다. 앙제대학교 바로 옆에 상경계 그랑제꼴인 ESSCA 등 여러개의 소규모 학교들이 있어 작은 대학촌을 형성되어 분위기와 치안 모두 좋다고 할 수 있습니다.,"앙제에는 여러 개의 국립 기숙사가 있습니다. 국립대학교의 학생은 그 지역의 국립기숙사 모든 곳에 배정될 수 있습니다. 예를 들면 연대 고대 이대 모두 국립대라고 가정했을 때, 국립기숙사 A 한 곳에 연대,고대,이대 모두 배정받을 수 있다는 이야기인데요. 
  2012년의 경우 앙제대학교의 국제교환학생은 벨베이 기숙사나 라카날 기숙사로 배정받았습니다. 두 군데 모두 시내에서 버스로 20정도 소요되는 벨베이 캠퍼스에 위치했습니다. 
 저 같은 경우에는 벨베이 기숙사를 썼는데, 벨베이나 라카날이나 기숙사 시설은 1인실(화장실)로 남녀가 같은 층을 자유롭게 쓰는 구조입니다. 각층마다 공동부엌이 있습니다. 기숙사 안에는 엘리베이터가 없습니다. 

(1) 세탁
세탁동전 (세탁+건조) 3.5유로에 사서 1층에서 할 수 있습니다.  

(2) 인터넷 
인터넷을 이용하기까지의 과정은 길고도 험난하다고 할 수 있습니다. 이를 위해서는 오후 5시 이전에 학생을 만드는 업무를 다 끝내야합니다. Secu 보험(사무실이 다른 캠퍼스에 위치)도 처리해야하고요. 버스카드도 만들어야겠죠. 그리고나서야 기숙사에서 사용할 수 있는 정보가 나오는데 인터넷이 연결된 곳에서 아이디와 비번을 만든 후에야 본인 컴퓨터로 인터넷을 연결할 수 있습니다.

프랑스 무선 인터넷은 모두 비밀번호가 걸려있다고 봐도 무방합니다. 보안을 중요시해서 그런지 무선 인터넷 내지 인터넷을 연결하는 것 자체가 우리나라보다 어려운 편입니다. 


(3) RU 학생식당-> 3.05 유로 
 샐러드류의 앙트레, 메인음식, 디저트까지 총 3개를 고르는 구조로 되있습니다. 월-금 11시부터 1시 반까지 이용가능 합니다. 오전 시간대만 하다보니, 저녁은 주로 장을 봐서 기숙사 부엌에서 만들어 먹곤합니다.
 장은 주로 학교 앞 Super U 나 , Grand maine에 있는 Carrefour, Centreville의 Monoprix, Saint Nicolas 정거장 근처의 Lidle 등 본인의 동선이나 기호에 따라 편하게 보시면 될 것 같습니다.","개설된 수업: http://celcat.univ-angers.fr/lettres/gindex.html 에서 보시면 됩니다. 
 모든 수업을 자유롭게 수강할 수 있습니다. 담당 교수님께서 주신 종이 원하는 수업을 적어 제출하면 됩니다. 하지만 프랑스인을 위한 수업이다보니 난이도가 한국인에게는 높은 편이라고 볼 수 있습니다. 관광,법학 수업은 영어로 진행되기도 하지만, 인문,과학 수업은 모두 불어로 진행됩니다.
 그래서 보통은 어학원 수업과 병행해서 듣게 됩니다. 하지만 앙제대학교 어학원 수업은 3개(문화, 회화, 어학)정도 밖에 개설되지 않습니다. 초기에 국제교육처와 담당교수님을 뵙게되면 수업에 대한 안내를 친절히 해주십니다. 

도서관은 인문대 캠퍼스 바로 뒤에 위치해있습니다. 책, DVD 대여 모두 가능합니다. 신간은 많지 않다는 이야기도 있지만 제가 찾는 자료 범위에서는 크게 부족함이 없었고요.
 다른 선배님께서 후기에 남겼듯이, 도서관의 일부 구역은 소음이 어느 정도 허용되기 때문에 공부를 하실 분은 2층의 역사지리 코너 같은 조용한 구역을 찾아가셔야합니다. 
 인쇄나 복사는 도서관 복사실에서 하실수 있는데요. 연세대 학술정보원을 이용하셨던 분이라면 그 아담한 규모에 조금 놀라실 것 같네요. 

 학교 도서관의 자료로 불충분하다면, 앙제에서 제일 큰 도서관인 La Bibliotheque de Toussanit (Office de tourisme 맞은 편, Musee des Beaux-arts 옆)을 이용하시면 됩니다. 만 26세 미만은 가입비를 받지 않습니다. (단 회원가입시, 여권 필요) 일단 장서 및 음악CD, 한국 나름 최근 영화(아저씨, 시 등)도 있고 다양한 한일만화책 불어판도 구비되어있으니 한번 쯤 가보시면 좋으리라 생각합니다.","전반적인 국제학생 관련 업무는 Catherine Barreteau, Delphine Lebreton 두 분께서 봐주시는데요, 두 분다 영어도 잘하시고 정말 친절하십니다. 모르는 것이나 도움이 필요하면 사소한 일도 적극적으로 도와주십니다. 

그리고 ISEP 관련해서는 Michel Darmon 교수님을 수업관련 문제로 뵙게 될텐데요, 다르몽 교수님도 참 친절하시고, 영어도 잘하십니다.","벨베이 캠퍼스에는 스포츠센터(SUAPS)가 있습니다. 학생의 경우 소정의 금액을 내면 1년간 자유롭게 47개의 종목을 이용할 수 있습니다. 자세한 정보는 http://www.univ-angers.fr/fr/vie-a-l-universite/sport/l-universite-a-son-champion/inscription-au-suaps.html 를 통해 보실 수 있습니다. 

 동아리 활동은 신촌캠퍼스만큼 활발한 것 같지는 않았습니다. 학교 게시판을 참고하시면 여러모임에 대한 공지가 뜹니다. 씨네클럽이 활성화 되있는 것 같고 각 과별로 소모임등도 간간히 있습니다.","(1) 기숙사에서 
 한국 기숙사에서만 살다보니 남녀가 같은 층에 1인실을 사는 기숙사 형태가 너무 신기했고요. 공동부엌에서 조리하면서 같은 층 친구들과 마주하게 될 텐데요. 프랑스인들은 다소 개인주의적인 경향이 있어서 이때 가능하면 먼저 다가가서 이런저런 말 붙여보는 게 중요한거 같아요. 차가워 보여도 우리 쪽에서 먼저 말 걸면 또 친절하거든요. 처음엔 겸연쩍어서 먼저 다가가지 못한 게 지금 생각하니 좀 아쉽네요.
 그리고 친구들 중에 Colocation(거주공간을 여럿이서 나눠 사는 것)하는 친구들 중에 남녀 룸메이트도 흔히 볼 수 있습니다. 커플도 아니며 그냥 친구이거나 그냥 룸메이트 개념으로 방을 따로 쓰지만 같은 아파트를 쓰는 경우가 많은데요. 처음에는 이런 친구들이 ‘연인’인가 했는데, 결국은 저의 한국식 사고에 기반한 착각이었더라고요. 

(2) 일처리 속도와 일요일의 개념
모두가 말하듯, 계산이나 은행이나 모든 일처리 속도는 한국에 비하면 매우 느긋한 편이고요. 일요일에는 앙제시내 가게 거의 올스톱입니다. BNP은행의 경우는 월요일도 쉬는 것으로 알고있어요. 일요일은 신도 인간을 창조하기 쉬었다는 프랑스인들은 말할 정도로 그들에게 일요일은 집에서 쉬는 개념이 강합니다. 한국에서 주말이 쇼핑의 절정인 것과 같이 생각하면 낭패를 보기 쉽습니다. 주말에 먹을 것은 미리미리 장을 보셔야해요. 

(3) 그들에게 아시아인은?
앙제에서건, 파리에서건 유럽 어디서나 지나다니실때마다 ‘니하오’, ‘아리가토’등의 아시아인들을 희롱하는 인사를 많이 받으시게 될텐데, 가장 좋은 것은 무시하는 것입니다. 대꾸하면 또 대꾸하고 일이 커질 수 있고요. 내공이 쌓이면 역으로 우리쪽에서 무안을 주는 경지에 이르게됩니다. 씨익 미소를 짓거나 너 중국어 잘한다등 눈치껏 대꾸하면 사과하고 겸연쩍여합니다. 본인이 중국어, 일본어 한 마디 한다는걸 이렇게도 드러내고자 하는 사람이 참 많습니다. 처음엔 기분이 나쁘시겠지만 점점 적응이 되실텐데요. 언론에서 한류열풍에 대해 보도하지만 한국에 대한 인식은 미비한 편입니다. 그리고 동양의 신비에 관심 가질 것이라는 일반적인 우리의 환상은 어느 정도 친해진 이후에나 가능할 법한 이야기로 아예 모르는 사이에선 크게 관심이 없는 편인 것으로 보여집니다. 그리고 주로 먼저 다가오는 사람 중에 먹을 것 좀 사게 돈을 요구하는 사람도 상당 수 있었습니다. 그때 좋은 카메라를 만지고 있어서 그랬는지 모르지만, 아무튼 고가의 전자기기는 그런 사람들에게 표적이 될 수 있으므로 필요할 때만 쓰고 밖에 드러내지 않는 게 좋습니다. 하지만 반대로 지하철에서 무거운 것을 끙끙 들고 갈때 아무렇지도 않게 같이 들어주거나 기차매점에서 카드가 안되서 어찌할까 하는 찰라에 대신 계산해주는 등 대가를 바라지 않는 프랑스인들의 친절을 보며 여러번 감동하기도 했는데요. 이처럼 모든게 Ca depend 입니다. 한번 안좋은 사람을 만났다고 절망할 것도, 한번 좋은 사람 만났다고 너무 들뜰 것도 없습니다. 사람 사는 곳이 다 거기서 거기니까요.

(4) 물가
프랑스의 물가는 유럽에서도 꽤 높은 편에 속하는 것으로 알고있습니다. 하지만 슈퍼에서 구매하는 음식의 물가자체는 한국과 큰 차이는 없습니다. 하지만 레스토랑을 이용할 경우라면 이야기가 많이 달라지죠. 프랑스의 인건비가 비싼 만큼 서비스가 들어가는 비용은 한국보다 크게 비싼 편입니다. 레스토랑, 우체국, 약국, 통신요금 등. 자연스럽게 한국의 가격을 기준으로 생각했다가 영수증을 보고 헉 소리가 나온 적이 한 두번이 아닙니다^^;","(1)네이버 카페 프잘사
 프랑스 가기전 비자, 대사관 문제부터 체류시에 생기는 문제포함 중고물품 거래나 체류증 등 이런 저런 문제에 대해 도움을 받으실 수 있습니다. 스텝 분중 한 분이 앙제에 거주하시고 또 회원분 중에 앙제에 거주하는 분이 다수 있기 때문에 도움이 되리라 생각합니다.

(2)　근교 지역 여행에 대해서는 오피스드 투리즘을 이용하면 정말 편합니다.
앙제성 맞은 편에 위치 해있고요. 미슐랭등의 가이드 북에 나오지 않은 정말 많은 정보를 제공하고 있습니다.

(3) 아시안 마켓 
Raillement 광장 주변에 “Le Comptoir d''Asie”라는 캄보디아 분이 하시는 아시안 마켓이있습니다. 또 다른 곳도 있다고 들엇는데 아마 그래도 그 마켓이 제일 많은 상품을 취급하는 것 같습니다. 초코파이, 양파링, 어묵, 간장, 된장, 호떡믹스 등의 한국식품들을 판매하고 있습니다. 필요한 품목을 주인 아주머니께 말씀드리면 주문해주십니다. 앙제에 한식당은 없는 것으로 아는데 베트남, 중국, 일본 식당은 두루두루 있습니다.","자전거 대여
벨베이 Super U 작은 단지내에 자전거 사무실이 있습니다. 여권과 거주증, RIB(프랑스 은행 계좌)등을 챙겨 9-12시 이전에 가면 무료로 자전거를 대여받을 수 있습니다. 

12-25 Carte 
프랑스 전역을 여행하실 분, 혹은 한 두 번 기차를 타실 분이라도 12-25카드를 만들어 놓으면 50%에 가까운 할인혜택을 받으실 수 있습니다.  

은행 
은행업무는 잘 알려다시피 카드와 계좌 번호를 받으려면 2-3번은 방문해야 모든 절차가 완료됩니다. 은행마다 다르지만, 일부은행에서는 신규가입시 40유로 정도의 지원금이 나옵니다. 또 일부은행에 최근 스마트폰과 휴대폰 카메라등의 고액 전자기기 도난시 보상해주는 저렴한 보상보험이 있으니, 이런 것들을 모두 염두해두시면 좋습니다. 

IRIGO (정류장)
앙제는 IRIGO 라는 회사에서 버스를 운영하고요, 처음에 MAIL 공원 옆 Place Lorraine의 IRIGO 사무실에 가셔서 버스카드 만드시면 편합니다. 

Allocation (주택보조비)
ISEP 학생의 경우, 학생이 직접 기숙사 비를 납부하지 않기 때문에 알로 혜택 받으실 수 없습니다. 

Secu (사회보장보험)
ISEP 학생은 이미 ISEP 보험을 납부한 상태에서 프랑스 사회보장보험도 중복으로 들어야하는 번거로움이 있습니다. 

VISA 
프랑스 비자를 갖고 계신 분은 26세미만에 한해서 프랑스 국립 유적지에 입장할 경우 유럽 거주자와 같은 혜택을(무료입장)받을 수 있습니다. 단 여권소지하셔야 합니다. 

프랑스-> 한국 택배 부칠때
우체국에서 주황박스 7kg까지 50유로 선에서 보내는게 최선인 것으로 알고있습니다. 현재 우체국에서 프랑스에서 한국으로 선편으로 보내는 방법은 없다고 했고요. 일단 박스로 포장하여 한국으로 부칠 경우 위의 박스로 보내는 것의 3-4배의 비용을 지불해야하기 때문에 가급적이면 나눠서라도 주황규격박스에 부치는 것을 권장합니다. 반대로 한국-> 프랑스는 선편으로 부치실 수 있고요. 2달 정도 소요됩니다. 

위의 사항들은 2012년 기준으로 적은 것이라, 참고만 하시고 다시 한번 확인해보실 필요가 있습니다. 



*첨부 사진은 2012년초의 (지금은 이동) 국제처 Mme Barreteau의 사무실입니다. 다년간의 교환학생 파견자들이 놓고간 기념품으로 사무실 벽면이 도배되어있습니다. Barreteau 선생님도 본인의 사무실을 자주 박물관과 비유하실 정도로 많은 기념품과 엽서 사진등이 있어서 인상적이었는데요. 이처럼 다양한 국가에서온 학생들과 같이 생활할 생각하면 참 설레는 일이죠. 앙제 교환학생의 규모는 약 60명내외 입니다. 관광법으로 온 영어수업 파견자가 절반 정도, 프랑스어로 수업듣는 친구들 절반 정도입니다. 2012-1에는 미국인 25명, 중국인 20명으로 가장 많았고요. 나머지 스페인어권(스페인 및 중남미), 동유럽 등 순이었습니다. 교환 학생사회가 생각해보면 참 개방적일 것 같지만 결국은 같은 언어를 쓰는 사람들끼리 뭉치는 경향이 있습니다. 설렘도 좋지만 이 벽에 대한 염두와 대비도 하시면 더 좋을 것 같아요. 아무튼 교환학생 파견을 통해서 분명히 정말 많은 좋은 추억도 쌓고 개인적으로 성숙할 기회가 되시리라 생각합니다. 


midiparis@daum.net"
"Angers는 Paris와 Nantes의 중간 지점 쯔음에 위치한 아담하고 깨끗하고 조용한 도시입니다. 날씨는 온화한 편입니다. 하계는 건조하고 쨍쨍하고, 동계는 추적추적 비오고 눈 오고 하루종일 어두컴컴합니다.
Angers 대학은 Angers시 내의 몇몇 대학 중의 하나로, 종합대학의 성격을 띄고 있습니다. 캠퍼스가 두 곳으로 양분되어 있다는 것이 독특합니다. 경영대, 법대가 St.Serge 캠퍼스에 있고, 문대 공대 이과대 등이 Belleveille 캠퍼스에 있습니다. Belleveille는 버스로 움직일 정도로 캠퍼스 규모가 큰 편이지만 St.Serge는 건물 두어채로 구성되어 있는 듯 했습니다.","Angers 대학 말고도 카톨릭 대학, Beaux Arts 등 대학교들이 여럿 있는 도시라서 주로 대학생들이나, 또는 노후를 조용히 보내기 위해 오는 노부부들이 많이 사는 곳입니다. 거리의 자동차를 보면 돈많은 노인들이 몰고 다니는 고급승용차와 학생들이 몰고 다니는 소형 중고차로 양분되다시피 할 정도입니다. 프랑스인 학생들이 종종 했던 말대로, Angers엔 '위험'이란 것이 없습니다. 프랑스에서 살기 좋은 도시 10위 안에 꾸준히 들 정도라고 들었습니다. 거리는 깨끗하고 조용하며, Paris와는 대조적으로 흑인, 아랍인들의 비율이 극히 적습니다. 크고 작은 공원과 소규모 문화공간이 조성되어 있습니다. Loire 강이 흐르고 고성이 많습니다.","Angers 전체에 대학들이 퍼져 있고 마찬가지로 기숙사도 여러 개가 곳곳에 있습니다. 한국처럼 어떤 대학 캠퍼스 내에 반드시 그 대학의 기숙사가 위치해 있는 것이 아니라는 것을 염두에 두셔야 합니다. A대학 B대학 C대학이 있으면, 가, 나, 다, 라 기숙사가 있고, A 대학 학생은 가 기숙사에 살 수도 있고 라 기숙사에 살 수도 있는 것입니다. 저를 포함해, 2007년 봄학기 파견된 연세대 학생 두명은 Couffon-Pavot라는 기숙사에 거주했습니다. ISEP이나 에라스무스를 통해 파견된 교환학생들은 Belleveille(이하 B.V) 캠퍼스 내의 기숙사, centreville에 가까운 Couffon-Pavot 기숙사, B.V.캠퍼스 밖으로 더 올라가야 하는 또다른 기숙사에 나뉘어졌습니다. 환경은 각각 조금씩 다른데, 보통 독실 사용에, 방 안에 책상, 책장, 옷장, 침대, 세면대가 있고, 층마다 샤워실과 화장실, 부엌과 냉장고가 공동사용으로 갖추어져 있습니다. 어떤 기숙사는 방 안에 샤워실이 있기도 하고, 어떤 기숙사는 작은 냉장고가 한 사람마다 하나씩 지급되기도 합니다. Couffon-Pavot의 경우 인터넷선이 깔려서 방 안에서 노트북으로 인터넷을 사용할 수 있지만, B.V 내 기숙사의 경우 불가능합니다. 
식사는 Restaurant d'Universite, 일명 RU에서 하는데, 이것 역시 도시 곳곳에 있고 모두 같은 쿠폰을 사용합니다. 한 RU에서 한 장에 2.75유로짜리 쿠폰을 사면 다른 RU에서도 사용 가능하다는 것입니다. 하지만 역시 수업을 많이 듣는 B.V 캠퍼스 내의 RU에서 대부분의 식사를 하게 됩니다. 점심과 간단한 저녁이 제공되는데 늦게까지 하는 수업이 없기 때문에 보통 점심만 RU에서 먹고 아침과 저녁은 기숙사 부엌에서 만들어 먹게 됩니다. 1년 파견 예정인 학생들은 소형 전기밥솥이 필수죠. 저는 한 학기라서 햇반으로 버텼습니다만. 
RU의 식사는 잘 나오는 편입니다. 서양식에 익숙치 않은 동양인으로서는 더더욱 좋은 음식처럼 보입니다. 전채 5종류, 치즈, 메인요리 10여 종류, 음료, 디저트 8여 종류 중에서 3가지를 고를 수 있습니다. 
식비는 계좌로 몇 차례에 걸쳐 입금되기 때문에, 반드시 RU에서 먹어야 하는 것은 아닙니다. 입금되는 돈으로 학교식당에서 사 먹든지 마트에서 장을 봐서 본인이 해 먹든지 상관 없는 거죠. centreville에 MONOPRIX라는 마트가 제가 있던 기숙사에선 제일 가까워서 자주 갔는데, 다들 그곳은 '절대 싸지 않아'라고 말하더군요. 알뜰족은 St.Serge 근처의 Carrefour나 토요일마다 열리는 시장을 이용합디다.","프랑스 학생들은 대부분 고등학교처럼 그 학기 중 들어야 할 수업이 정해져 있습니다만, 교환학생들은 말그대로 free이기 때문에 알아서 신청해야 합니다. 수강신청은 물론 컴퓨터로 하지 않습니다. 학과 사무실 앞에 있는 게시판에서 수강 정보를 알아봐야 하는데, Angers 대학에서는 교환학생 담당 교수님(M. Darmon)이 대단히 친절하신 편이라서 교환학생들을 따로 모아놓고 각 과의 학년별 수업 정보를 모조리 주십니다. 그리고 말해주는 날짜까지 신청할 과목들을 해당 서류에 적어서 담당 비서에게 제출하면 됩니다. 그런데 교수님이 미처 챙겨서 주지 못한 수업정보도 많이 있습니다. 저는 운좋게도 저보다 한 학기 먼저 와 있던 일본인 교환학생을 통해 유학생들(교환학생이 아니라)을 대상으로 하는 불어수업에 대한 정보를 알게 되었는데, 그 정보는 M.Darmon이 건네준 수업정보 뭉치에는 없던 것이었습니다.
교환학생들은 자기 전공에 상관없이 수업을 자유롭게 선택하여 들을 수 있습니다. 정외과 학생이라도 불어 수업, 역사 수업, 경영 수업 등 자기가 원하는 것은 무엇이든 신청해 들을 수 있습니다. 교환학생들을 위한 불어 수업이나 프랑스문화 수업도 몇 과목 개설되는데, 드라마틱한 실력 향상은 전혀 기대할 수 없는 수업이지만 같은 처지의 교환학생들끼리 알고 친해질 수 있는 곳이라는 점에서는 들어볼 만 합니다.
도서관에 대해서는 그 규모나 시설이 연세대학교에 비해 열악하다고 느꼈습니다. 장서는 많지 않습니다만, 컴퓨터를 이용할 수 있고 앉을 곳이 많아서 자주 가게 되더군요. DVD를 대여할 수도 있습니다만 최신 작품은 기대하지 마세요. 1층 복도는 미술품이나 사진 전시장처럼 꾸며져 있습니다. 도서관이 한국처럼 조용하지는 않습니다. 친구들끼리 할 말이 있을 때 소곤거리는 것이 아니라 그냥 평상시처럼 말합니다. 물론 대부분 공부하러 오는 학생들이라서 앉아서 계속 수다떨거나 왁자지껄 떠들지는 않습니다. 다만 공부하다가 뒤에서 갑자기 들리는 말소리에 깜짝 놀라 돌아보게 되는 정도..;","ISEP으로 오는 학생들은 M.Darmon이라는 영문과 교수님과 Mme.Barreteau라는 비서 아줌마가 돌봐줍니다. 두분 다 매우매우매우매우 친절합니다. 특히 짧은 불어로 떠듬떠듬 말하는 것을 참을성 있게 들어준다는 점에서 눈물날 정도로 감사하게 되더군요. 뭔가를 물어보거나 부탁하려고 사무실을 들어갈 때 마음의 부담이 없는 곳입니다. M.Darmon은 수업이 많아서 사무실에 있는 시간이 극히 드물지만, Mme.Barreteau는 목요일 오전만 빼고는 계속 그 사무실에서 근무합니다. 
도착날짜와 시간을 메일을 통해 이 아줌마에게 알려주면 기차역으로 마중나갈 사람을 보내줍니다. 저희들(한국학생 둘과 미국학생 한명)은 길이 엇갈렸는지 만나지 못해서 택시를 타고 알아서 갔습니다만, 대부분은 잘 안내받아 오는 것 같았습니다. 저는 일단 기숙사에 짐을 놓고 Angers 기차역 앞에서(Couffon-pavot기숙사와 가깝습니다) 버스 1번을 타고 B.V 캠퍼스의 문과대 건물 2층에(217호였던 것 같습니다..) 있는 Mme.Barreteau를 만나러 갔습니다. 가면 은행에서 계좌를 개설하는 것 등 오자마자 해야 할 일들을 알려줍니다.","학생교류동아리-라고 하면 될까요? 프랑스 학생들과 외국인 학생들의 교류를 목적으로 하는 동아리가 있습니다. 교환학생 O.T. 때 와서 홍보합니다. 성격좋아 보이는 싹싹한 학생들이 많이 있고, 이들이 각종 소풍, 여행, 파티를 기획합니다. 이런 소풍, 여행, 파티에 관해서는 Mme. Barreteau가 메일을 통해 공지해 줍니다. 파티는 보통 저녁에 RU를 빌려서 진행됩니다.
그 외에, 교환학생들이 흔히 하는 과외활동은 체육수업입니다.
태권도부터 시작해서 재즈댄스, 헬스, 수영 등 온갖 체육활동이 가능한데, 추가요금을 내야 하는 것은 승마 뿐입니다. 이것도 한학기에 단돈 11만원만 내면 됩니다. 
또 온갖 외국어들을 배울 수도 있습니다. 한국에서는 배울 기회가 없었던 외국어 수업에 관한 정보가 복도 게시판에 종종 붙어있는 것이 보이곤 합니다.
도서관 옆에 작은 카페테리아가 있습니다. 플라스틱 의자와 탁자, 자판기 몇개, 크로와상과 샌드위치를 파는 것이 전부이지만 친구들끼리 수다떨 땐 보통 이 곳을 이용합니다.","가장 큰 문화충격은 다름아닌 일처리 속도입니다.
은행, 관공서, 학교사무실, 슈퍼마켓.. 그 어느 곳을 가도 일처리 속도가 상상을 초월하게 느립니다. 특히 은행은 대단히 깔끔한 외관과는 달리, 단 한번도 한번에 용무를 해결하고 와 본 적이 없을 만큼 답답한 일처리를 자랑하는 곳입니다. 하나의 일을 처리하기 위해 최소 3번은 방문해야 한다고 각오해 두는 것이 정신건강에 이롭습니다. 은행업무에 관련해서는 특히, 기간을 넉넉히 잡으셔야 합니다. 낼모레 출국이니까 오늘 계좌 닫고 돈 다 인출하면 되겠지, 생각하시면 큰일납니다. 적어도 2주 전에는 가세요. 
1시부터 3시까지는 점심시간으로 어떤 곳이든 모든 업무가 올스톱입니다. 항상 머리 속에 생각하고 움직여야지 안그러면 헛걸음하기 일쑤입니다. 또 평균적으로 저녁 8시면 모든 가게가 다 닫으니까(술집 빼고) 살 것이 있으면 그 전에 사야 합니다. 일요일에 여는 가게는 거의 없습니다. 휴일과 저녁 시간에 활기를 띠는 한국의 거리와는 상반된 모습입니다.
길거리에서의 과감한 애정 표현도 처음엔 대단히 쇼크입니다. 버스정류장에서 연인끼리 '내일 봐'라는 의미로 하는 키스가 무슨 세상 끝날에 하는 키스 같습니다.
또오.. 길 건널 때 자동차가 지나가길 기다릴 필요 없이 그냥 건너면 됩니다. 차들이 저 멀리서부터 보행자를 보고 이미 속력을 줄일 준비를 하기 때문에, 한국에서처럼 가까이 오는 차 몇대를 보내고 건너겠다고 기다리고 있을 필요가 없습니다. 물론 큰길에는 신호등이 있고 파란 불 켜질 때까지 기다려야 하지만요.","도움 받을 수 있는 곳은... 일단 국제교육부나 먼저 와서 한 학기를 경험한 교환학생들이 있습니다.
그리고 한국인 유학생들이 있습니다. Angers 대학 내에는 한국인이 극히 드뭅니다. Angers 대학 말고 카톨릭 대학이나 어학원 쪽에는 한국인 학생들이 여럿 있다고 들었습니다만 만날 수 있는 통로는 교회를 제외하고는 딱히 없습니다.
제가 있을 땐, Angers 대학 내의 한국인은 저를 포함한 연세대 교환학생 두명과 학부 유학생 한명, 대학원 유학생 한명이 전부였습니다. 그리고 저는 우연히 그 언니들을 만나게 되었습니다만, 어떤 교수님이 ""내가 가르치는 학생들 중에서 한국인이 있는데, 그들에게 도움을 청해보라""며 그 언니들의 연락처를 가르쳐 주셨던 걸 생각해보면 교수님을 통해서 소개받을 수도 있었으리라는 생각이 듭니다.",저는 가기 전에 교회 문제로 걱정했었는데요. 프랑스에는 개신교 교회가 많지 않아서 저희도 처음 한 달 가량은 교회를 못 찾고 개인 예배를 드렸습니다. 저희는 Angers 대학에서 유학중인 언니를 따라서 Avrille에 있는 개신교 복음주의 교회에 출석했습니다. 영국인 선교사님 부부가 목회하시는 프랑스인 교회인데 한국인들도 몇명 있습니다. 또 한국인 학생 성경공부 모임이 화요일 밤마다 있습니다. 교회 출석에 관해 궁금하신 분은 개인 메일 주시면 성경공부 모임 인도자(Angers 대학 석사과정 유학생)의 메일 주소를 알려드릴게요.
"(1)Angers

 프랑스의 서부 Pays de la Loire에 위치해 있는 Angers는 Paris에서 TGV로 1시간 반정도 소요된다.(indirect 노선일 경우 2시간이 넘을 수도 있음) Angers는 역사적인 문화유산과 예술의 도시로 유명하다. 실제로 도시 중심부 Loire강가에 오래된 성이 관광지로 유명하고 Beaux-arts박물관, 학교가 있어서 미술에 관심있는 사람들이 많이 찾는 곳이다. Angers는 대학생의 인구가 거주민의 상당부분을 차지하고 있으며 전체적으로 깨끗한 느낌이 들고 생활하기 편리한 도시다. (실제로 '프랑스에서 살기 좋은 도시' 10위 안에 들었다고 함) 인구가 빠리처럼 많지 않아서 그리 복잡하지 않고 도시 중심부에 Loire강의 큰줄기가 지나고 있으며 Lac de Maine이라는 큰 호수공원이 있어서 빠리같은 대도시에 비해서 공기도 쾌적하고 답답한 느낌이 없다. 그리고 이 지역이 프랑스어의 표준어를 구사하는 곳이기 때문에 프랑스어를 공부하고자 하는 외국인이 많이 찾는 곳이기도 하다.  

(2) Universite d’Angers

 앙제대학은 세 개의 캠퍼스로 이루어져 있다. 그 중 내가 있었던 Belle-Beille캠퍼스에는 주로 인문대, 이공대가 위치해 있으며 의대캠퍼스가 따로 있고, 관광,법 관련 전공이 모여있는 Saint-Serge캠퍼스가 있다. 벨베이 캠퍼스는 도시중심가에서 떨어져 있어서 버스로 20분정도 걸리며 관광,법 관련 전공이 있는 캠퍼스는 도시중심가에서 멀지 않아서 걸어서 이동 가능하다. 앙제대학은 학생수가 17000명 정도이며 다양한 전공이 있는 종합대학이자 공립대학이다.","벨베이 캠퍼스는 시내 중심가에서 조금 떨어진 강 건너편에 위치해 있다. 학교는 넓은 평지에 위치해 있으며 학교 뒤로는 커다란 호수공원이 있다. 학교 내에서 학생들이 주로 이용하는 시설은 단과대 건물과 학생식당(이곳에서 파이를 열기도함), 스포츠센타, 도서관 등이다.","앞서 말한대로 내가 공부했던 벨베이 캠퍼스는 Centre-ville(도시 중심가)에서 조금 떨어져 있으며 캠퍼스 내에 기숙사(Cite-Universitaire)를 몇 개 가지고 있다. 
 프랑스는 우리나라와는 달리 대학생이 집에서 통학하지 않고 대다수가 기숙사에서 살기 때문에 사설 기숙사도 많이 존재한다. 교환학생들은 벨베이 캠퍼스 내의 기숙사를 배정받는 경우가 많은데 나는 캠퍼스 밖에 있는 기숙사(Couffon Pavot)를 배정받았다. 내가 있었던 기숙사는 매일 수업을 들으러 버스를 타고 가야한다는 단점이 있긴 했지만 Gare(TGV역)과 시내중심가에서 가까워서 여행을 할때나 장을 보는 등의 일상 생활에는 편리했다. 기숙사는 1인 1실이고 방안에 세면대, 책상, 침대, 옷장, 책장 등이 있으며 샤워실과 부엌은 층마다 있다. 부엌 안에 공동으로 쓰는 냉장고가 있고 간단한 조리기구는 구비되어 있지 않아서 각자가 준비해갈 필요가 있다.   
 캠퍼스 내의 Restaurant universitaire(학생식당)에서 점심, 저녁을 먹을 수 있는데 한끼에 2.75유로로 일반식당에 비해서 훨씬 저렴하다. 캠퍼스 내에도 마트가 있고, 시내에도 모노프리, 까르푸 등의 대형마트가 있어서 장을 보는 데에 어려움은 없다. 또한 시내에 아시안마트가 3개 정도 있어서 그곳에서 한국식품이나 국제전화카드 등을 구입할 수 있다.","교환학생들은 전공과 학년에 관계없이 원하는 수업을 자유롭게 선택해서 들을 수 있다. 수강신청은 우리학교와는 달리 수강신청서를 오프라인으로 직접 작성하고 담당 교수님께 제출하는 방식으로 이루어진다. 프랑스인 재학생들은 전공별로 과목 선택의 폭이 크지 않아서 시간표가 고등학교식으로 다 정해져서 나온다고 할 수 있다. 그러나 교환학생들은 관심있는 강의들을 들어보고, 개강 후 2주 정도 뒤에 수강신청을 할 수 있도록 배려해주어서 각자의 수준과 관심에 따라서 강의를 선택할 수 있다는 점이 좋았다. 특별히 이 대학에는 외국인들을 대상으로 하는 프랑스어 수업이 많이 있어서 상대적으로 다른 일반 전공수업보다 언어의 부담이 적고 언어실력을 높이는 데 많은 도움이 된다. 또한 교환학생들을 위한 프랑스 문화, 프랑스어 회화 수업이 개설되어 있다. 
 벨베이 캠퍼스에는 도서관이 인문대 건물 바로 옆에 위치해 있다. 도서관에서는 교환학생들도 책과 DVD를 대여할 수 있으며 컴퓨터 인터넷도 자유롭게 이용 가능하다. (학생증을 받고 인터넷id를 발급받은 이후부터.) 그리고 복도의 한쪽에는 유럽의 유명 잡지, 신문들이 각 분야별로 매주 업데이트 되어서 도서관 내에서는 자유롭게 가져다가 읽을 수 있다. 인문대 안에도 wifi(무선인터넷)존이 있어서 인터넷을 이용할 수 있다.","Isep coordinator가 있는 국제교육부는 벨베이 캠퍼스의 인문대 건물 안에 자리해 있다. 본래 isep으로 온 학생들을 담당하는 M.Darmon이란 교수님이 계시고 
 Mme.Barteau가 그의 일을 도와서 행정적인 일을 담당한다. 교환학생으로 프랑스에 도착하자마자 찾아가야 할 곳이 국제교육부이다. 국제교육부에서 수강신청, 기숙사 배정, 식비지급, 교환학생들 모임 등의 관련업무를 다룬다. 개강 초기에 교환학생들을 위한 오리엔테이션과 학교,시내 투어등의 프로그램을 준비해주어서 교환학생들이 학교에 적응하고 서로를 알아가는 데 많은 도움이 되었다. 두 분 모두 영어도 유창하게 하시고 매우 친절하셔서 많은 도움을 받을 수 있다.",앙제대학에는 외국학생들과 프랑스학생들이 함께할 수 있게 돕는 melting pot이라는 동아리가 운영되고 있어서 이 단체에서 거의 매달 파티를 열기도 하고 소풍도 주관한다. 대학 내에 교환학생들이 이용할 수 있는 스포츠센타가 있어서 수강등록을 하듯이 강의를 등록하고 한학기 동안 배울 수 있다.,"무엇보다 가장 큰 문화적 충격은 사람들의 생활에 여유가 있다는 점이었다. 그런 면이 좋을 때도 있지만 각종 행정 시스템이 느리게 진행되고 어느 상점, 공공기관이나 김 점심시간을 미리 알고 꼭 피해가야 한다는 불편한 점이 있었다. 사전에 미리 점심시간을 알아놓아야 헛걸음을 피할 수 있다.","교내에는 국제교육부 사무실을 찾아가거나 담당 교수님, 직원에게 메일을 통한 연락을 취해서 도움을 받을 수 있다. 앙제대학 내에는 한국인이 거의 없고 근처 카톨릭대학의 어학원에서 프랑스어 공부를 하는 한국인 학생들이 조금 있다. 한인교회는 존재하지 않지만 한국인이 다니는 프랑스인 현지교회는 몇개가 있다.","버스를 자주 이용할 경우, 버스카드를 만드는 것이 훨씬 더 저렴하다. 버스카드는 학생할인이 있어서 교환학생들도 할인받을 수 있다. 시내에 위치해 있는 COTRA에 가면 발급받을 수 있다. 프랑스는 학기 중에 스키방학, 부활절 방학 등이 길기 때문에 미리 계획해서 방학을 잘 활용하면 좋다. TGV로 여행을 자주할 경우 역에 가서 12-25CARTE를 만들면 YOUTH 할인혜택을 받알 수 있다. 

 4학년이었기 때문에 한학기만 지내고 와야한다는 아쉬움이 컸다. 그토록 동경하던 프랑스에서의 생활이 결코 낭만적이고 쉽지만은 않다는 걸 체험했지만 막연한 동경을 깨고 현실적으로 프랑스 문화를 접할 수 있었던 것도 큰 수확일 것이다. 물론 부족한 언어실력과 짧은 기간으로 수박 겉핥기 식의 경험이었다고 해도 그동안의 나를 돌아보고 내게 전혀 익숙하지 않은 환경 가운데서 다른 문화권의 사람들과 그들의 삶을 접해본 것 만으로도 앞으로의 길을 준비하는 데에 소중한 자원이 될 거라고 믿는다."
